聚类个数,ZL,ZR,ZF,ZM,ZC
24146,-0.7177113460231077,-0.35901138194628873,-0.2812978696297501,-0.2756345319899272,-0.18637826449736192
15435,1.1559066982261998,-0.29203392182544885,-0.2447815667290916,-0.2468446429182498,0.03459810330026487
12154,-0.3265709857645497,1.713090310820813,-0.5727532855703485,-0.5355958714981321,0.024808563316834457
8490,0.2573062753060398,-0.715848206026039,1.2351369974850843,1.175321894861707,0.3228606912092312
1819,0.6919616849126415,-0.849333131491417,3.838366028421045,3.812567271075988,0.5005329372393128
